Time,From,To,Amount
08/17/2013 03:37:00 AM,17HEwkvgkX7L8hwzKS2syzNZVk63qQoFi7,Alydian: 1G3Csro9jsrGssJmdgpezj6cbKyu64sfua,1.02369621
08/19/2013 09:15:00 AM,1AqPHKiuKugBRCbEuUENdoFUB74ZYCjRxb,Alydian: 1G3Csro9jsrGssJmdgpezj6cbKyu64sfua,1.13934239
08/20/2013 03:38:00 PM,19hhWNbpizgLFJKyakCyuREqzCsq4bNCmW,Alydian: 1G3Csro9jsrGssJmdgpezj6cbKyu64sfua,1.16588661
08/22/2013 03:12:00 AM,1KB3v5duV4epPtr8EmtiZwfT7eq6wPkdBL,Alydian: 1G3Csro9jsrGssJmdgpezj6cbKyu64sfua,1.10217981
08/23/2013 10:34:00 PM,1CQ9azpT7GJDkqB7xXKhUQZ5FN2oH8raZN,Alydian: 1G3Csro9jsrGssJmdgpezj6cbKyu64sfua,1.05677485
08/25/2013 07:07:00 PM,1F7GKER7o8TV7LkKmmdfcNHzg5bcfreVjA,Alydian: 1G3Csro9jsrGssJmdgpezj6cbKyu64sfua,1.04834717
08/26/2013 02:33:00 AM,1KfmDMBXRmUyKvrEiTJaVSLFW6gh9MjwAG,Alydian: 1G3Csro9jsrGssJmdgpezj6cbKyu64sfua,1.07161673
08/26/2013 05:16:00 PM,18pQuwsvxLMVhPQK2XBHe7eJRwrgceSvnn,Alydian: 1G3Csro9jsrGssJmdgpezj6cbKyu64sfua,1.32822245
08/28/2013 02:11:00 PM,142gCG9UhWrEKBxbhvawKQ3S7gD2637qxm,Alydian: 1G3Csro9jsrGssJmdgpezj6cbKyu64sfua,1.38823146
08/29/2013 07:14:00 AM,125qofPQPNUcdPjRQoFMVLLkrje2tFS9Wi,Alydian: 1G3Csro9jsrGssJmdgpezj6cbKyu64sfua,1.09386878
08/29/2013 08:33:00 PM,1BF6XvyJoJrDBPQP2syHtQ9YthccgZs84G,Alydian: 1G3Csro9jsrGssJmdgpezj6cbKyu64sfua,1.02403120
08/29/2013 10:46:00 PM,1MiRkSW7KkXdJLknVKUAEqCvH4kxCjthzp,Alydian: 1GzyCy3fofDCYdt7a4mQVnDNhXPTCisYsn,1.00000000
08/29/2013 10:46:00 PM,1MXxatc7KVp2CQC1jNdLj4ypZfYEikTNJH,Alydian: 14PxfrVustwUKb31WW8qevusfR7CGm7KQ5,1.00000000
08/30/2013 02:13:00 PM,1GcPDeHYkxqmaxJPgLMH1QSH4TstsWh2tv,Alydian: 1G3Csro9jsrGssJmdgpezj6cbKyu64sfua,1.19577934
08/30/2013 04:38:00 PM,Alydian: 14PxfrVustwUKb31WW8qevusfR7CGm7KQ5,1MXxatc7KVp2CQC1jNdLj4ypZfYEikTNJH,-0.99950000
08/30/2013 04:38:00 PM,Alydian,Miner Fee,-0.00050000
08/30/2013 04:47:00 PM,Alydian: 1GzyCy3fofDCYdt7a4mQVnDNhXPTCisYsn,1MXxatc7KVp2CQC1jNdLj4ypZfYEikTNJH,-0.99950000
08/30/2013 04:47:00 PM,Alydian,Miner Fee,-0.00050000
08/30/2013 08:38:00 PM,1QD7WPCwTEyrpWeYa8okxXrHG2vfKuC1jo 1BASDThF69BAg55TmMa5NsHM9wZDABALp6 1CTkbpdR4Wk8v6QvSgiUTJVPmk76pvCHFB 1ArHiHtrJFSbgVRE9A1MTsQyFxV9jirzGM 14LX6SXrSNFkkFNtwFevYteHfdXBhPtHJv 1GpbcgseqD9xyGMj6QqcnH5FLS7UmriUb8 18rfgnLnGGxRJL7M7fktCGSS8mGUTeH1jP,Alydian: 1GzyCy3fofDCYdt7a4mQVnDNhXPTCisYsn,10000.00000000
08/30/2013 08:38:00 PM,1BmoRAg4x2f8BwaBtSy9nCX19ChurB8Mjj 1KKvVi2rAu5KJoUmK2UPUZWZdKc6Lco5gq 1Dwewf5nDakJdCRD1ehNzhS7ha3bqGHZDv 1MwKhTe3ES4Wcz96n1beUty9uP9UJ3eyqC 1MXxatc7KVp2CQC1jNdLj4ypZfYEikTNJH 1MXxatc7KVp2CQC1jNdLj4ypZfYEikTNJH,Alydian: 14PxfrVustwUKb31WW8qevusfR7CGm7KQ5,2535.00000000
08/31/2013 10:40:00 AM,1549rvhnRiy8NkZzBvNLa2EX4G2ZkPLXrq,Alydian: 1G3Csro9jsrGssJmdgpezj6cbKyu64sfua,1.14779726
08/31/2013 05:34:00 PM,17kxNDNgQyD8wshmhvBA3FWKs3o5Hwdroy,Alydian: 1G3Csro9jsrGssJmdgpezj6cbKyu64sfua,1.15190967
09/02/2013 04:21:00 AM,1FMo27hYpS8HyB4h1h588bqVeLnkPzCTzN,Alydian: 1G3Csro9jsrGssJmdgpezj6cbKyu64sfua,1.05040375
09/03/2013 01:06:00 AM,1B9ZEz44nU5iJ4skHDbkSc5JV9uC5iH4Lm,Alydian: 1G3Csro9jsrGssJmdgpezj6cbKyu64sfua,1.16196057
09/03/2013 05:07:00 PM,1Jwkn4TagLVNyoR28ncw2GpijnSkW2us4D,Alydian: 1G3Csro9jsrGssJmdgpezj6cbKyu64sfua,1.04799456
09/04/2013 03:41:00 PM,12nipzPAhuvBj9C1APXVoKHgtF4T6bRZCK,Alydian: 1G3Csro9jsrGssJmdgpezj6cbKyu64sfua,1.07974351
09/04/2013 05:36:00 PM,16kyxQXXY5crawHxJfLKQCPBX6bNREASAq,Alydian: 1G3Csro9jsrGssJmdgpezj6cbKyu64sfua,1.23020070
09/04/2013 07:02:00 PM,1J6LgosABzUbyS4ALHNzMTLU4zxEL3EiCp,Alydian: 1G3Csro9jsrGssJmdgpezj6cbKyu64sfua,1.23133481
09/05/2013 01:18:00 AM,13hHos36D7LEoy2v8FHZ6CqXRviTK8Qgtp,Alydian: 1G3Csro9jsrGssJmdgpezj6cbKyu64sfua,3.13475467
09/05/2013 07:53:00 AM,1M8sGw9Sjj2bYMxRJwoYyH7T5AShu1uVTH,Alydian: 1G3Csro9jsrGssJmdgpezj6cbKyu64sfua,3.70204191
09/05/2013 01:07:00 PM,1JjYqAF5PSnMYw3UtvLsHNTbUaNTK2bxHb,Alydian: 1G3Csro9jsrGssJmdgpezj6cbKyu64sfua,4.45368630
09/05/2013 10:38:00 PM,1M4qWDzWYsCyUv6jpx779hP7nHMLVCKcmm,Alydian: 1G3Csro9jsrGssJmdgpezj6cbKyu64sfua,5.24102765
09/06/2013 01:06:00 AM,1Ms5mLzJEWNHJz5Q7LyZeksvo3guoJAbjH,Alydian: 1G3Csro9jsrGssJmdgpezj6cbKyu64sfua,4.51921350
09/06/2013 07:53:00 AM,1BmGDLGNjTx3k3Ujg6dBC7dzHCD9KiNWwj,Alydian: 1G3Csro9jsrGssJmdgpezj6cbKyu64sfua,4.38608094
09/06/2013 08:00:00 PM,1Eh4L1U8ZhRUy9ppLqJCUqTgSNiRWbuF5j,Alydian: 1G3Csro9jsrGssJmdgpezj6cbKyu64sfua,6.37018490
09/07/2013 07:07:00 PM,1GMD4Ms9rsovHCaoHgXDajSRDeVQgPTrTc 1D6eiLfPwHjaFYzEqNvU8hB3XnUdY1oP59 1drZTu9zUEwDL8cAg4VuTffuPyQKUCDKj 12asdxbv8x7gLjpCBRUgDQWqMZHWHKYRd5,Alydian: 1G3Csro9jsrGssJmdgpezj6cbKyu64sfua,9.50748394
09/07/2013 09:04:00 PM,1EEJpGtPcjyYpHsZnLawxhwk7idr2DnbFb,Alydian: 1G3Csro9jsrGssJmdgpezj6cbKyu64sfua,4.44922271
09/07/2013 10:32:00 PM,16Kp1VmhVoLpvKwXbyDqrkEwJbqHmnu6sm,Alydian: 1G3Csro9jsrGssJmdgpezj6cbKyu64sfua,3.80321689
09/08/2013 06:48:00 AM,1GMD4Ms9rsovHCaoHgXDajSRDeVQgPTrTc 13ziBy8NymeBr8FxrcjgWFyKNbRVmo64ZH 1GMD4Ms9rsovHCaoHgXDajSRDeVQgPTrTc 1Hw6gDBRvQM7WhUhG7wxkLwHLSZRtELdzT 16eUTUqm8CDSL6wsAw14rynX6ysFhrwQRk,Alydian: 1G3Csro9jsrGssJmdgpezj6cbKyu64sfua,3.84409405
09/08/2013 08:02:00 AM,18ig81QTnyuV5R1pNMSeXSAT6HBSUmVngQ,Alydian: 1G3Csro9jsrGssJmdgpezj6cbKyu64sfua,3.24966330
09/08/2013 11:05:00 AM,15xb4xugAiPathS5hoWQ4r3oQYk9vQFv7h,Alydian: 1G3Csro9jsrGssJmdgpezj6cbKyu64sfua,3.19891432
09/08/2013 12:47:00 PM,1GMD4Ms9rsovHCaoHgXDajSRDeVQgPTrTc,Alydian: 1G3Csro9jsrGssJmdgpezj6cbKyu64sfua,2.96387368
09/08/2013 02:36:00 PM,12bAx9kf7u3zm6p5EsYPkL5XoXsGphaYDj 1GNTMXZCR7AdAwTwtvFeeRBs77rkYeXJP4,Alydian: 1G3Csro9jsrGssJmdgpezj6cbKyu64sfua,2.97101193
09/08/2013 09:30:00 PM,1NrzFXDCDHaMtnhpckzkLCQzmAwFDTEsm2,Alydian: 1G3Csro9jsrGssJmdgpezj6cbKyu64sfua,3.64128632
09/09/2013 04:01:00 AM,1GMD4Ms9rsovHCaoHgXDajSRDeVQgPTrTc,Alydian: 1G3Csro9jsrGssJmdgpezj6cbKyu64sfua,4.17026689
09/09/2013 08:02:00 AM,1GMD4Ms9rsovHCaoHgXDajSRDeVQgPTrTc,Alydian: 1G3Csro9jsrGssJmdgpezj6cbKyu64sfua,4.04007327
09/09/2013 02:06:00 PM,1AHDgwLwQQcVotztfu9XfT1tVEkMQTv6xg,Alydian: 1G3Csro9jsrGssJmdgpezj6cbKyu64sfua,3.74693481
09/09/2013 05:21:00 PM,15GSi3kcQGVz9yJKya7xWHYUroXGxYGgSa,Alydian: 1G3Csro9jsrGssJmdgpezj6cbKyu64sfua,2.98131248
09/09/2013 07:35:00 PM,1MHnYHMic47Gcoo4Hiewgsvjs2BUfLQEVw,Alydian: 1G3Csro9jsrGssJmdgpezj6cbKyu64sfua,3.33631865
09/09/2013 10:39:00 PM,1GMD4Ms9rsovHCaoHgXDajSRDeVQgPTrTc,Alydian: 1G3Csro9jsrGssJmdgpezj6cbKyu64sfua,3.51356573
09/10/2013 01:27:00 AM,1GMD4Ms9rsovHCaoHgXDajSRDeVQgPTrTc 1GMD4Ms9rsovHCaoHgXDajSRDeVQgPTrTc 1PMiczUwxu7bY6rEAx5xFVQxCGWWGJPEKV,Alydian: 1G3Csro9jsrGssJmdgpezj6cbKyu64sfua,3.53733163
09/10/2013 10:38:00 PM,1ML6jAZMvUL5EniqKARqfPnuKAZK32hZND,Alydian: 1G3Csro9jsrGssJmdgpezj6cbKyu64sfua,1.82599612
09/11/2013 03:20:00 AM,14cZMQk89mRYQkDEj8Rn25AnGoBi5H6uer 14cZMQk89mRYQkDEj8Rn25AnGoBi5H6uer 14cZMQk89mRYQkDEj8Rn25AnGoBi5H6uer,Alydian: 18aQubkBvMV9GqBCy7nPjfpdN8uCZiFQrC,5.00000000
09/11/2013 08:13:00 AM,1DruY46WjXE3fzaU8FkUzmw6XkpziLwNv8 1G1QpKMTb8VpScMwUbFMRfL2yaU8EHEerP 1K9cdAdn2LpTcqCsxW3p9wMy6KhsWFRZxz 14cZMQk89mRYQkDEj8Rn25AnGoBi5H6uer,Alydian: 18aQubkBvMV9GqBCy7nPjfpdN8uCZiFQrC,5.00000000
09/11/2013 12:11:00 PM,14cZMQk89mRYQkDEj8Rn25AnGoBi5H6uer 1EHeSZyfNKJ29erDS4poiphCBRdYA3EAJ1,Alydian: 18aQubkBvMV9GqBCy7nPjfpdN8uCZiFQrC,5.00000000
09/11/2013 06:10:00 PM,14cZMQk89mRYQkDEj8Rn25AnGoBi5H6uer 14cZMQk89mRYQkDEj8Rn25AnGoBi5H6uer 1GMPALBfnkqTQPH4AziPEhx5QetDg4DBzY,Alydian: 18aQubkBvMV9GqBCy7nPjfpdN8uCZiFQrC,5.00000000
09/11/2013 10:08:00 PM,14cZMQk89mRYQkDEj8Rn25AnGoBi5H6uer 14cZMQk89mRYQkDEj8Rn25AnGoBi5H6uer,Alydian: 18aQubkBvMV9GqBCy7nPjfpdN8uCZiFQrC,5.00000000
09/12/2013 01:19:00 AM,14cZMQk89mRYQkDEj8Rn25AnGoBi5H6uer 14cZMQk89mRYQkDEj8Rn25AnGoBi5H6uer 14cZMQk89mRYQkDEj8Rn25AnGoBi5H6uer 14cZMQk89mRYQkDEj8Rn25AnGoBi5H6uer 14cZMQk89mRYQkDEj8Rn25AnGoBi5H6uer,Alydian: 18aQubkBvMV9GqBCy7nPjfpdN8uCZiFQrC,5.00000000
09/12/2013 05:21:00 AM,14cZMQk89mRYQkDEj8Rn25AnGoBi5H6uer 14cZMQk89mRYQkDEj8Rn25AnGoBi5H6uer 14cZMQk89mRYQkDEj8Rn25AnGoBi5H6uer 14cZMQk89mRYQkDEj8Rn25AnGoBi5H6uer,Alydian: 18aQubkBvMV9GqBCy7nPjfpdN8uCZiFQrC,5.00000000
09/12/2013 09:55:00 AM,13xc69FaBzNmAioR2Uvjph63PDJPwmivEY,Alydian: 18aQubkBvMV9GqBCy7nPjfpdN8uCZiFQrC,0.29617911
09/12/2013 10:08:00 AM,1CreS8LFuCrWiPY8SyeifAUfRxJpk3iQA9 14cZMQk89mRYQkDEj8Rn25AnGoBi5H6uer 14cZMQk89mRYQkDEj8Rn25AnGoBi5H6uer,Alydian: 18aQubkBvMV9GqBCy7nPjfpdN8uCZiFQrC,5.00000000
09/12/2013 04:07:00 PM,14cZMQk89mRYQkDEj8Rn25AnGoBi5H6uer 14cZMQk89mRYQkDEj8Rn25AnGoBi5H6uer 14cZMQk89mRYQkDEj8Rn25AnGoBi5H6uer 149MFU1MwRgGL7UVYQoVrsnoU5xBbYUvCk 14cZMQk89mRYQkDEj8Rn25AnGoBi5H6uer 14cZMQk89mRYQkDEj8Rn25AnGoBi5H6uer 14cZMQk89mRYQkDEj8Rn25AnGoBi5H6uer,Alydian: 18aQubkBvMV9GqBCy7nPjfpdN8uCZiFQrC,5.00000000
09/12/2013 07:09:00 PM,14cZMQk89mRYQkDEj8Rn25AnGoBi5H6uer 14cZMQk89mRYQkDEj8Rn25AnGoBi5H6uer 14cZMQk89mRYQkDEj8Rn25AnGoBi5H6uer,Alydian: 18aQubkBvMV9GqBCy7nPjfpdN8uCZiFQrC,5.00000000
09/13/2013 01:07:00 AM,16zyMu7dXhskk7ZCKnDQJ7CycbFX22EuhC 129Rg46e4mKjjvW7E1gKjiKToQCQ8zC51k 1Go81VCCm3mrazmZ4tS9j9ibY6GxyUWLA6 14cZMQk89mRYQkDEj8Rn25AnGoBi5H6uer,Alydian: 18aQubkBvMV9GqBCy7nPjfpdN8uCZiFQrC,5.00000000
09/13/2013 06:20:00 AM,14cZMQk89mRYQkDEj8Rn25AnGoBi5H6uer 14cZMQk89mRYQkDEj8Rn25AnGoBi5H6uer 1DMDPCfiQ6JsFn1nM7PhtpHhja8gLZbFj5,Alydian: 18aQubkBvMV9GqBCy7nPjfpdN8uCZiFQrC,5.00000000
09/13/2013 10:18:00 AM,14cZMQk89mRYQkDEj8Rn25AnGoBi5H6uer 14cZMQk89mRYQkDEj8Rn25AnGoBi5H6uer 1HBJ5vY4oPevcFysTdUZ4MaTKPBnEFr6qn,Alydian: 18aQubkBvMV9GqBCy7nPjfpdN8uCZiFQrC,5.00000000
09/13/2013 04:09:00 PM,15UfvNCqHrDWyVtL26k6ky4gY8Ed9CZWou 14cZMQk89mRYQkDEj8Rn25AnGoBi5H6uer 14cZMQk89mRYQkDEj8Rn25AnGoBi5H6uer 1GSZtXUeCV9N58FJ8V3EKFGgZhSThppycN,Alydian: 18aQubkBvMV9GqBCy7nPjfpdN8uCZiFQrC,5.00000000
09/13/2013 07:18:00 PM,14cZMQk89mRYQkDEj8Rn25AnGoBi5H6uer 1PB8jKJfBe6boneQ6dZ5HSdWWKVQnhMLrJ 14cZMQk89mRYQkDEj8Rn25AnGoBi5H6uer 1Di8zMVcAnLpi6BoFQwvSCWUfrbVgpTNF3 1MC2eg987Bng5Jt8NA6XWkh5TWdfeCkERt 14cZMQk89mRYQkDEj8Rn25AnGoBi5H6uer 15N1q3XkAZY8wtcDCKk35rhcCE9nKjdKs7 1M6gwzF7tjcg2noGHhvG81h44fY2k71y7v 14cZMQk89mRYQkDEj8Rn25AnGoBi5H6uer 14cZMQk89mRYQkDEj8Rn25AnGoBi5H6uer,Alydian: 18aQubkBvMV9GqBCy7nPjfpdN8uCZiFQrC,5.00000000
09/13/2013 11:23:00 PM,14cZMQk89mRYQkDEj8Rn25AnGoBi5H6uer 14cZMQk89mRYQkDEj8Rn25AnGoBi5H6uer 1AF8AxzBP1rN1MMsAVbREu2mBP7dvaxNKD 14cZMQk89mRYQkDEj8Rn25AnGoBi5H6uer 1LvUhgYSmYm52jpWpVXjkjPQx3yiDHFzew 14cZMQk89mRYQkDEj8Rn25AnGoBi5H6uer 14cZMQk89mRYQkDEj8Rn25AnGoBi5H6uer,Alydian: 18aQubkBvMV9GqBCy7nPjfpdN8uCZiFQrC,5.00000000
09/14/2013 04:24:00 AM,1Fjh16F3zU3ttFEqTdmG8yY6G6KxionnzY 14cZMQk89mRYQkDEj8Rn25AnGoBi5H6uer 14cZMQk89mRYQkDEj8Rn25AnGoBi5H6uer,Alydian: 18aQubkBvMV9GqBCy7nPjfpdN8uCZiFQrC,5.00000000
09/14/2013 09:18:00 AM,1DpwqSvsg9gzMz3xWeKo7c8ii4tGRyrRDu 14cZMQk89mRYQkDEj8Rn25AnGoBi5H6uer,Alydian: 18aQubkBvMV9GqBCy7nPjfpdN8uCZiFQrC,5.00000000
09/14/2013 03:12:00 PM,14cZMQk89mRYQkDEj8Rn25AnGoBi5H6uer 14cZMQk89mRYQkDEj8Rn25AnGoBi5H6uer 14cZMQk89mRYQkDEj8Rn25AnGoBi5H6uer 14cZMQk89mRYQkDEj8Rn25AnGoBi5H6uer,Alydian: 18aQubkBvMV9GqBCy7nPjfpdN8uCZiFQrC,5.00000000
09/14/2013 09:07:00 PM,14cZMQk89mRYQkDEj8Rn25AnGoBi5H6uer 14cZMQk89mRYQkDEj8Rn25AnGoBi5H6uer 14cZMQk89mRYQkDEj8Rn25AnGoBi5H6uer,Alydian: 18aQubkBvMV9GqBCy7nPjfpdN8uCZiFQrC,5.00000000
09/14/2013 11:19:00 PM,1JNEExPgzCgWFcdqR7WV51Q8ja1waeXe4m 14cZMQk89mRYQkDEj8Rn25AnGoBi5H6uer 14cZMQk89mRYQkDEj8Rn25AnGoBi5H6uer,Alydian: 18aQubkBvMV9GqBCy7nPjfpdN8uCZiFQrC,5.00000000
09/15/2013 03:39:00 AM,14cZMQk89mRYQkDEj8Rn25AnGoBi5H6uer 17yzybgnMGeuKgoxA6qf38GwdMqPuJVqK4 14cZMQk89mRYQkDEj8Rn25AnGoBi5H6uer,Alydian: 18aQubkBvMV9GqBCy7nPjfpdN8uCZiFQrC,5.00000000
09/15/2013 09:07:00 AM,14cZMQk89mRYQkDEj8Rn25AnGoBi5H6uer 14cZMQk89mRYQkDEj8Rn25AnGoBi5H6uer 14cZMQk89mRYQkDEj8Rn25AnGoBi5H6uer 14cZMQk89mRYQkDEj8Rn25AnGoBi5H6uer,Alydian: 18aQubkBvMV9GqBCy7nPjfpdN8uCZiFQrC,5.00000000
09/15/2013 03:13:00 PM,14cZMQk89mRYQkDEj8Rn25AnGoBi5H6uer 14cZMQk89mRYQkDEj8Rn25AnGoBi5H6uer,Alydian: 18aQubkBvMV9GqBCy7nPjfpdN8uCZiFQrC,5.00000000
09/15/2013 06:20:00 PM,14cZMQk89mRYQkDEj8Rn25AnGoBi5H6uer 14cZMQk89mRYQkDEj8Rn25AnGoBi5H6uer 14cZMQk89mRYQkDEj8Rn25AnGoBi5H6uer 14cZMQk89mRYQkDEj8Rn25AnGoBi5H6uer 1CkNPiH2Wu8qHgbFTY5xVk8WXC5EZzDCqo,Alydian: 18aQubkBvMV9GqBCy7nPjfpdN8uCZiFQrC,5.00000000
09/15/2013 11:10:00 PM,14cZMQk89mRYQkDEj8Rn25AnGoBi5H6uer 14cZMQk89mRYQkDEj8Rn25AnGoBi5H6uer 14cZMQk89mRYQkDEj8Rn25AnGoBi5H6uer 13byWapJDMHHizXHeRpmDwAdJAexkudZFy 14cZMQk89mRYQkDEj8Rn25AnGoBi5H6uer,Alydian: 18aQubkBvMV9GqBCy7nPjfpdN8uCZiFQrC,5.00000000
09/16/2013 07:08:00 AM,14cZMQk89mRYQkDEj8Rn25AnGoBi5H6uer 1CGFPUGW8ghc1RRFje9NuCYs4pVpwvJ4ja 14cZMQk89mRYQkDEj8Rn25AnGoBi5H6uer 1AMaafADxcWy3iX6EFHd9UhG18g1oW3Pmc,Alydian: 18aQubkBvMV9GqBCy7nPjfpdN8uCZiFQrC,5.00000000
09/16/2013 04:39:00 PM,14cZMQk89mRYQkDEj8Rn25AnGoBi5H6uer 14cZMQk89mRYQkDEj8Rn25AnGoBi5H6uer 1HSMB6Ep5RFvTjwAviGYLaU7PAujxb1HbK,Alydian: 18aQubkBvMV9GqBCy7nPjfpdN8uCZiFQrC,5.00000000
09/16/2013 09:11:00 PM,14cZMQk89mRYQkDEj8Rn25AnGoBi5H6uer 14cZMQk89mRYQkDEj8Rn25AnGoBi5H6uer 14cZMQk89mRYQkDEj8Rn25AnGoBi5H6uer 1HgBXfr1qvhebfncfYfGPAJvSQA8CPvFMs,Alydian: 18aQubkBvMV9GqBCy7nPjfpdN8uCZiFQrC,5.00000000
09/17/2013 01:55:00 AM,1HDNaamKkv31VgDJaTS2RxREbwAvrxnCBg 14cZMQk89mRYQkDEj8Rn25AnGoBi5H6uer,Alydian: 18aQubkBvMV9GqBCy7nPjfpdN8uCZiFQrC,5.00000000
09/17/2013 08:10:00 AM,14cZMQk89mRYQkDEj8Rn25AnGoBi5H6uer 1MXc6ynUjqBqjwz8KpPpfPW4ts6Qa7hukn 14cZMQk89mRYQkDEj8Rn25AnGoBi5H6uer 14cZMQk89mRYQkDEj8Rn25AnGoBi5H6uer 16Uvomn6de2ThBaec1AshdGRDpwB4CyKah,Alydian: 18aQubkBvMV9GqBCy7nPjfpdN8uCZiFQrC,5.00000000
09/17/2013 03:28:00 PM,193UDHhWVghME3sKHrGuETfCWuovMnuhzk 14cZMQk89mRYQkDEj8Rn25AnGoBi5H6uer 1BLWBR4RzdLuysUnvimqQmjkHvSEgiQkzw 14cZMQk89mRYQkDEj8Rn25AnGoBi5H6uer 14cZMQk89mRYQkDEj8Rn25AnGoBi5H6uer 14cZMQk89mRYQkDEj8Rn25AnGoBi5H6uer 14cZMQk89mRYQkDEj8Rn25AnGoBi5H6uer,Alydian: 18aQubkBvMV9GqBCy7nPjfpdN8uCZiFQrC,5.00000000
09/18/2013 01:22:00 AM,14cZMQk89mRYQkDEj8Rn25AnGoBi5H6uer 14cZMQk89mRYQkDEj8Rn25AnGoBi5H6uer 13YXBxFcqpBhqvVx9v62TnAcQt5GXxZDzs 14cZMQk89mRYQkDEj8Rn25AnGoBi5H6uer 14cZMQk89mRYQkDEj8Rn25AnGoBi5H6uer,Alydian: 18aQubkBvMV9GqBCy7nPjfpdN8uCZiFQrC,5.00000000
09/18/2013 07:21:00 AM,1MBMN69ha9EW57R3HQAc7eSmzPvM1ay2RR 14cZMQk89mRYQkDEj8Rn25AnGoBi5H6uer 14cZMQk89mRYQkDEj8Rn25AnGoBi5H6uer 14cZMQk89mRYQkDEj8Rn25AnGoBi5H6uer,Alydian: 18aQubkBvMV9GqBCy7nPjfpdN8uCZiFQrC,5.00000000
09/18/2013 07:20:00 PM,14cZMQk89mRYQkDEj8Rn25AnGoBi5H6uer 14iEr2AmxanhGKH916KxcFNp2PUu5BpV5A,Alydian: 18aQubkBvMV9GqBCy7nPjfpdN8uCZiFQrC,5.00000000
09/19/2013 01:07:00 AM,14cZMQk89mRYQkDEj8Rn25AnGoBi5H6uer 1MAVZfxTaox6HZ6rYgdQj4b2nLaYDHZ4Dm 1JyWTJrPaHCUAvNCRAQ7wVcTphw9X2buft 14cZMQk89mRYQkDEj8Rn25AnGoBi5H6uer 14cZMQk89mRYQkDEj8Rn25AnGoBi5H6uer 15ApCFTXKe2dco3GBZxbeDVXLC12Jzo2z2,Alydian: 18aQubkBvMV9GqBCy7nPjfpdN8uCZiFQrC,5.00000000
09/19/2013 06:13:00 AM,14cZMQk89mRYQkDEj8Rn25AnGoBi5H6uer 14cZMQk89mRYQkDEj8Rn25AnGoBi5H6uer,Alydian: 18aQubkBvMV9GqBCy7nPjfpdN8uCZiFQrC,5.00000000
09/19/2013 09:07:00 AM,14cZMQk89mRYQkDEj8Rn25AnGoBi5H6uer 14cZMQk89mRYQkDEj8Rn25AnGoBi5H6uer 1AqE2hUZ4fmA8tmwb6C2zdvvbfwh9AQzvQ,Alydian: 18aQubkBvMV9GqBCy7nPjfpdN8uCZiFQrC,5.00000000
09/19/2013 11:18:00 AM,14cZMQk89mRYQkDEj8Rn25AnGoBi5H6uer,Alydian: 18aQubkBvMV9GqBCy7nPjfpdN8uCZiFQrC,5.00000000
09/19/2013 02:16:00 PM,14cZMQk89mRYQkDEj8Rn25AnGoBi5H6uer 14cZMQk89mRYQkDEj8Rn25AnGoBi5H6uer 1DjvetLZ8Z2ajRxmLrpKYgHWxNxHut42oU,Alydian: 18aQubkBvMV9GqBCy7nPjfpdN8uCZiFQrC,5.00000000
09/19/2013 06:10:00 PM,14cZMQk89mRYQkDEj8Rn25AnGoBi5H6uer,Alydian: 18aQubkBvMV9GqBCy7nPjfpdN8uCZiFQrC,5.00000000
09/19/2013 08:09:00 PM,14cZMQk89mRYQkDEj8Rn25AnGoBi5H6uer 14cZMQk89mRYQkDEj8Rn25AnGoBi5H6uer,Alydian: 18aQubkBvMV9GqBCy7nPjfpdN8uCZiFQrC,5.00000000
09/20/2013 12:08:00 AM,14cZMQk89mRYQkDEj8Rn25AnGoBi5H6uer 14cZMQk89mRYQkDEj8Rn25AnGoBi5H6uer 1EVj5rFtimD3XT3E6DeNyJ2asDAfnL5Pra 1HN5qcW6qcLmN2QuodhRBGx8TQykk3sHaz 14cZMQk89mRYQkDEj8Rn25AnGoBi5H6uer,Alydian: 18aQubkBvMV9GqBCy7nPjfpdN8uCZiFQrC,5.00000000
09/20/2013 02:18:00 AM,14cZMQk89mRYQkDEj8Rn25AnGoBi5H6uer 14cZMQk89mRYQkDEj8Rn25AnGoBi5H6uer 1NYe65QMgpWNoE3xDdhA9xhKx1M6kqGjRR 14cZMQk89mRYQkDEj8Rn25AnGoBi5H6uer,Alydian: 18aQubkBvMV9GqBCy7nPjfpdN8uCZiFQrC,5.00000000
09/20/2013 06:14:00 AM,14cZMQk89mRYQkDEj8Rn25AnGoBi5H6uer 14cZMQk89mRYQkDEj8Rn25AnGoBi5H6uer 14cZMQk89mRYQkDEj8Rn25AnGoBi5H6uer,Alydian: 18aQubkBvMV9GqBCy7nPjfpdN8uCZiFQrC,5.00000000
09/20/2013 08:19:00 AM,14cZMQk89mRYQkDEj8Rn25AnGoBi5H6uer 14cZMQk89mRYQkDEj8Rn25AnGoBi5H6uer,Alydian: 18aQubkBvMV9GqBCy7nPjfpdN8uCZiFQrC,5.00000000
09/20/2013 12:24:00 PM,14cZMQk89mRYQkDEj8Rn25AnGoBi5H6uer 14cZMQk89mRYQkDEj8Rn25AnGoBi5H6uer 14wMxc4XoaFyHBjY4xKZbSRyia5jYdabdk,Alydian: 18aQubkBvMV9GqBCy7nPjfpdN8uCZiFQrC,5.00000000
09/20/2013 01:17:00 PM,14cZMQk89mRYQkDEj8Rn25AnGoBi5H6uer 14cZMQk89mRYQkDEj8Rn25AnGoBi5H6uer 14cZMQk89mRYQkDEj8Rn25AnGoBi5H6uer 14cZMQk89mRYQkDEj8Rn25AnGoBi5H6uer 14cZMQk89mRYQkDEj8Rn25AnGoBi5H6uer,Alydian: 18aQubkBvMV9GqBCy7nPjfpdN8uCZiFQrC,5.00000000
09/20/2013 02:32:00 PM,14cZMQk89mRYQkDEj8Rn25AnGoBi5H6uer 1KVfiVzaJp9MLWt4ZsDw7LAg2ioCfwbbCr 12yLzuvsWxNMQBfHdudmowZJUyrzZvErc2 14cZMQk89mRYQkDEj8Rn25AnGoBi5H6uer 14cZMQk89mRYQkDEj8Rn25AnGoBi5H6uer 14cZMQk89mRYQkDEj8Rn25AnGoBi5H6uer,Alydian: 18aQubkBvMV9GqBCy7nPjfpdN8uCZiFQrC,5.00000000
09/20/2013 04:14:00 PM,14cZMQk89mRYQkDEj8Rn25AnGoBi5H6uer 14cZMQk89mRYQkDEj8Rn25AnGoBi5H6uer 14cZMQk89mRYQkDEj8Rn25AnGoBi5H6uer,Alydian: 18aQubkBvMV9GqBCy7nPjfpdN8uCZiFQrC,5.00000000
09/20/2013 06:16:00 PM,14cZMQk89mRYQkDEj8Rn25AnGoBi5H6uer 14cZMQk89mRYQkDEj8Rn25AnGoBi5H6uer 14cZMQk89mRYQkDEj8Rn25AnGoBi5H6uer,Alydian: 18aQubkBvMV9GqBCy7nPjfpdN8uCZiFQrC,5.00000000
09/20/2013 09:11:00 PM,1AV5m65v9rknYcPhBCkSTsEQ49UV7szGym 14cZMQk89mRYQkDEj8Rn25AnGoBi5H6uer 1AYLVrTfRYCFKfA5D4jTG9Qu7dbpGhg7rV 14cZMQk89mRYQkDEj8Rn25AnGoBi5H6uer 1M1UathGfQPkVTT5TLsw7q4TsUsa4oLwiN 1DhHW6zagj2bmFEh8g4uefoyXNqtfXAVdb,Alydian: 18aQubkBvMV9GqBCy7nPjfpdN8uCZiFQrC,5.00000000
09/21/2013 12:09:00 AM,14cZMQk89mRYQkDEj8Rn25AnGoBi5H6uer 14cZMQk89mRYQkDEj8Rn25AnGoBi5H6uer 14cZMQk89mRYQkDEj8Rn25AnGoBi5H6uer 14cZMQk89mRYQkDEj8Rn25AnGoBi5H6uer 14cZMQk89mRYQkDEj8Rn25AnGoBi5H6uer 15mNM3wdweprZupKHWi6SsWrfmNsv1qWoM 14cZMQk89mRYQkDEj8Rn25AnGoBi5H6uer 14cZMQk89mRYQkDEj8Rn25AnGoBi5H6uer 1Ag3KoVv1SpEDSo8dxUV37sxMZL9GNcAbU,Alydian: 18aQubkBvMV9GqBCy7nPjfpdN8uCZiFQrC,5.00000000
09/21/2013 01:11:00 AM,14cZMQk89mRYQkDEj8Rn25AnGoBi5H6uer 1LDi8zsqH2D9dtCLGEbVRW2M7f6QwfdKkY,Alydian: 18aQubkBvMV9GqBCy7nPjfpdN8uCZiFQrC,5.00000000
09/21/2013 03:08:00 AM,14cZMQk89mRYQkDEj8Rn25AnGoBi5H6uer 14cZMQk89mRYQkDEj8Rn25AnGoBi5H6uer 14cZMQk89mRYQkDEj8Rn25AnGoBi5H6uer,Alydian: 18aQubkBvMV9GqBCy7nPjfpdN8uCZiFQrC,5.00000000
09/21/2013 05:21:00 AM,153Z288kk5kDEvpYB4iPqtYpdittHkLRL7 14cZMQk89mRYQkDEj8Rn25AnGoBi5H6uer 14cZMQk89mRYQkDEj8Rn25AnGoBi5H6uer,Alydian: 18aQubkBvMV9GqBCy7nPjfpdN8uCZiFQrC,5.00000000
09/21/2013 07:10:00 AM,14cZMQk89mRYQkDEj8Rn25AnGoBi5H6uer 14cZMQk89mRYQkDEj8Rn25AnGoBi5H6uer 1Ezrmc8GFtmhMmrf5FPKMgqE3G9Ux2bkKy 14cZMQk89mRYQkDEj8Rn25AnGoBi5H6uer 14cZMQk89mRYQkDEj8Rn25AnGoBi5H6uer 14cZMQk89mRYQkDEj8Rn25AnGoBi5H6uer,Alydian: 18aQubkBvMV9GqBCy7nPjfpdN8uCZiFQrC,5.00000000
09/21/2013 09:09:00 AM,1ADXZ45njsjxwByDeHcBpjj3ebCmAbfhRL 14cZMQk89mRYQkDEj8Rn25AnGoBi5H6uer 16CDdHDU9EqN7Gaw4USVfcX5aTJePidj52 1K44mkBsEVdnQbfvLsnaGL3VERWYmHPrzv 1PmQRmZM18CSQGcH2mSFAWaJsfrZJNqw8H,Alydian: 18aQubkBvMV9GqBCy7nPjfpdN8uCZiFQrC,5.00000000
09/21/2013 11:22:00 AM,14cZMQk89mRYQkDEj8Rn25AnGoBi5H6uer 184NptnuSL12w8nNDDBwN6w5NF7h4qAqje 14cZMQk89mRYQkDEj8Rn25AnGoBi5H6uer 19FutrpTG9ky2gEqMXfB1LUEJKNn48kf1e,Alydian: 18aQubkBvMV9GqBCy7nPjfpdN8uCZiFQrC,5.00000000
09/21/2013 04:20:00 PM,14cZMQk89mRYQkDEj8Rn25AnGoBi5H6uer 14cZMQk89mRYQkDEj8Rn25AnGoBi5H6uer,Alydian: 18aQubkBvMV9GqBCy7nPjfpdN8uCZiFQrC,5.00000000
09/21/2013 07:12:00 PM,14cZMQk89mRYQkDEj8Rn25AnGoBi5H6uer 14cZMQk89mRYQkDEj8Rn25AnGoBi5H6uer 15T46tvEohQFysLsyDLGCHcXWfiWjRNv7p 14cZMQk89mRYQkDEj8Rn25AnGoBi5H6uer 14cZMQk89mRYQkDEj8Rn25AnGoBi5H6uer 14cZMQk89mRYQkDEj8Rn25AnGoBi5H6uer,Alydian: 18aQubkBvMV9GqBCy7nPjfpdN8uCZiFQrC,5.00000000
09/21/2013 08:16:00 PM,14cZMQk89mRYQkDEj8Rn25AnGoBi5H6uer 14cZMQk89mRYQkDEj8Rn25AnGoBi5H6uer,Alydian: 18aQubkBvMV9GqBCy7nPjfpdN8uCZiFQrC,5.00000000
09/21/2013 11:09:00 PM,14cZMQk89mRYQkDEj8Rn25AnGoBi5H6uer 14cZMQk89mRYQkDEj8Rn25AnGoBi5H6uer 14cZMQk89mRYQkDEj8Rn25AnGoBi5H6uer 151YXj69F29HztZLzLvNp5JLtQx2dkz7sU,Alydian: 18aQubkBvMV9GqBCy7nPjfpdN8uCZiFQrC,5.00000000
09/22/2013 12:08:00 AM,1LtcSudyKTUyN4NntfpDJHppDDK3GU9CdM 14cZMQk89mRYQkDEj8Rn25AnGoBi5H6uer 1EseFdu6pKkkbX4V3cnx3bBSBU1CXHYB39 1DzY8q8SKpzFtCzGh1q86P31cwqxkb35me 14cZMQk89mRYQkDEj8Rn25AnGoBi5H6uer 14cZMQk89mRYQkDEj8Rn25AnGoBi5H6uer,Alydian: 18aQubkBvMV9GqBCy7nPjfpdN8uCZiFQrC,5.00000000
09/22/2013 02:07:00 AM,14cZMQk89mRYQkDEj8Rn25AnGoBi5H6uer 14cZMQk89mRYQkDEj8Rn25AnGoBi5H6uer 14cZMQk89mRYQkDEj8Rn25AnGoBi5H6uer 1CiKFCG8FJAYwFyP6Ci7eCsx3ynsG34ktK 14cZMQk89mRYQkDEj8Rn25AnGoBi5H6uer 14cZMQk89mRYQkDEj8Rn25AnGoBi5H6uer,Alydian: 18aQubkBvMV9GqBCy7nPjfpdN8uCZiFQrC,5.00000000
09/22/2013 06:23:00 AM,14cZMQk89mRYQkDEj8Rn25AnGoBi5H6uer 1GFkjRrZAuxVs3V5VkWAYSTkU3m2FJ85yW 14cZMQk89mRYQkDEj8Rn25AnGoBi5H6uer,Alydian: 18aQubkBvMV9GqBCy7nPjfpdN8uCZiFQrC,5.00000000
09/22/2013 08:07:00 AM,14cZMQk89mRYQkDEj8Rn25AnGoBi5H6uer 14cZMQk89mRYQkDEj8Rn25AnGoBi5H6uer 1C6ja2g198m3kPq5d8EXJDsvYsxu7YEa6B 14cZMQk89mRYQkDEj8Rn25AnGoBi5H6uer 14cZMQk89mRYQkDEj8Rn25AnGoBi5H6uer,Alydian: 18aQubkBvMV9GqBCy7nPjfpdN8uCZiFQrC,5.00000000
09/22/2013 11:09:00 AM,14cZMQk89mRYQkDEj8Rn25AnGoBi5H6uer 14cZMQk89mRYQkDEj8Rn25AnGoBi5H6uer 1EGDPzXEo8YaDDqzvZWszfYBWzUE8RXmZ8,Alydian: 18aQubkBvMV9GqBCy7nPjfpdN8uCZiFQrC,5.00000000
09/22/2013 02:07:00 PM,14cZMQk89mRYQkDEj8Rn25AnGoBi5H6uer 14cZMQk89mRYQkDEj8Rn25AnGoBi5H6uer 1D8AnpjvXCqDSucoDQ1ibtekAjRFVEfVSE 14cZMQk89mRYQkDEj8Rn25AnGoBi5H6uer 14cZMQk89mRYQkDEj8Rn25AnGoBi5H6uer,Alydian: 18aQubkBvMV9GqBCy7nPjfpdN8uCZiFQrC,5.00000000
09/22/2013 03:16:00 PM,14cZMQk89mRYQkDEj8Rn25AnGoBi5H6uer 14cZMQk89mRYQkDEj8Rn25AnGoBi5H6uer 14cZMQk89mRYQkDEj8Rn25AnGoBi5H6uer,Alydian: 18aQubkBvMV9GqBCy7nPjfpdN8uCZiFQrC,5.00000000
09/22/2013 07:07:00 PM,14cZMQk89mRYQkDEj8Rn25AnGoBi5H6uer 14cZMQk89mRYQkDEj8Rn25AnGoBi5H6uer 1JUhz9fUFbxmrXBHt13Dq7S8dRL1WNUwRu 1P7uHbyjRsZE2eBwJmJmqUxtYZ8BZJK3t5,Alydian: 18aQubkBvMV9GqBCy7nPjfpdN8uCZiFQrC,5.00000000
09/22/2013 09:09:00 PM,14cZMQk89mRYQkDEj8Rn25AnGoBi5H6uer 14cZMQk89mRYQkDEj8Rn25AnGoBi5H6uer 14cZMQk89mRYQkDEj8Rn25AnGoBi5H6uer,Alydian: 18aQubkBvMV9GqBCy7nPjfpdN8uCZiFQrC,5.00000000
09/23/2013 12:14:00 AM,14cZMQk89mRYQkDEj8Rn25AnGoBi5H6uer 14cZMQk89mRYQkDEj8Rn25AnGoBi5H6uer 14cZMQk89mRYQkDEj8Rn25AnGoBi5H6uer,Alydian: 18aQubkBvMV9GqBCy7nPjfpdN8uCZiFQrC,5.00000000
09/23/2013 02:08:00 AM,14cZMQk89mRYQkDEj8Rn25AnGoBi5H6uer 14cZMQk89mRYQkDEj8Rn25AnGoBi5H6uer 14cZMQk89mRYQkDEj8Rn25AnGoBi5H6uer 14cZMQk89mRYQkDEj8Rn25AnGoBi5H6uer 14cZMQk89mRYQkDEj8Rn25AnGoBi5H6uer,Alydian: 18aQubkBvMV9GqBCy7nPjfpdN8uCZiFQrC,5.00000000
09/23/2013 05:08:00 AM,17CFVRhCqdKsN2qvRht9ctEDbtPRutbkMZ 14cZMQk89mRYQkDEj8Rn25AnGoBi5H6uer 14cZMQk89mRYQkDEj8Rn25AnGoBi5H6uer 14cZMQk89mRYQkDEj8Rn25AnGoBi5H6uer 14cZMQk89mRYQkDEj8Rn25AnGoBi5H6uer,Alydian: 18aQubkBvMV9GqBCy7nPjfpdN8uCZiFQrC,5.00000000
09/23/2013 06:20:00 AM,13J3VC29Scvm7PxQgLTHpTm34Cq1YfjR3x 14cZMQk89mRYQkDEj8Rn25AnGoBi5H6uer 14cZMQk89mRYQkDEj8Rn25AnGoBi5H6uer,Alydian: 18aQubkBvMV9GqBCy7nPjfpdN8uCZiFQrC,5.00000000
09/23/2013 08:11:00 AM,14cZMQk89mRYQkDEj8Rn25AnGoBi5H6uer 14cZMQk89mRYQkDEj8Rn25AnGoBi5H6uer 1AhrWmgsRvw6jzHxtcQoc3U5AYv9J3bA27,Alydian: 18aQubkBvMV9GqBCy7nPjfpdN8uCZiFQrC,5.00000000
09/23/2013 09:44:00 AM,14cZMQk89mRYQkDEj8Rn25AnGoBi5H6uer 14cZMQk89mRYQkDEj8Rn25AnGoBi5H6uer 12VHdL95nbtZK1dnxFhGqqg9EMLUZLE8W1 14cZMQk89mRYQkDEj8Rn25AnGoBi5H6uer 14cZMQk89mRYQkDEj8Rn25AnGoBi5H6uer,Alydian: 18aQubkBvMV9GqBCy7nPjfpdN8uCZiFQrC,5.00000000
09/23/2013 02:17:00 PM,14cZMQk89mRYQkDEj8Rn25AnGoBi5H6uer 14cZMQk89mRYQkDEj8Rn25AnGoBi5H6uer 16etRYm1QCQRnR7tKk2jsAGVaLdoVkaqtA,Alydian: 18aQubkBvMV9GqBCy7nPjfpdN8uCZiFQrC,5.00000000
09/23/2013 05:14:00 PM,1BDQMGxMKmfrg6q4SC6RXpCJAHsahv884t 14cZMQk89mRYQkDEj8Rn25AnGoBi5H6uer 14cZMQk89mRYQkDEj8Rn25AnGoBi5H6uer,Alydian: 18aQubkBvMV9GqBCy7nPjfpdN8uCZiFQrC,5.00000000
09/23/2013 06:09:00 PM,14cZMQk89mRYQkDEj8Rn25AnGoBi5H6uer 14cZMQk89mRYQkDEj8Rn25AnGoBi5H6uer 14cZMQk89mRYQkDEj8Rn25AnGoBi5H6uer 14cZMQk89mRYQkDEj8Rn25AnGoBi5H6uer,Alydian: 18aQubkBvMV9GqBCy7nPjfpdN8uCZiFQrC,5.00000000
09/23/2013 09:19:00 PM,14cZMQk89mRYQkDEj8Rn25AnGoBi5H6uer 14cZMQk89mRYQkDEj8Rn25AnGoBi5H6uer 14cZMQk89mRYQkDEj8Rn25AnGoBi5H6uer,Alydian: 18aQubkBvMV9GqBCy7nPjfpdN8uCZiFQrC,5.00000000
09/23/2013 11:31:00 PM,1PWSMzhL5U4qTuj1dU4bB7rnkbbkFfeyv1 14cZMQk89mRYQkDEj8Rn25AnGoBi5H6uer 14cZMQk89mRYQkDEj8Rn25AnGoBi5H6uer 14cZMQk89mRYQkDEj8Rn25AnGoBi5H6uer,Alydian: 18aQubkBvMV9GqBCy7nPjfpdN8uCZiFQrC,5.00000000
09/24/2013 12:14:00 AM,14cZMQk89mRYQkDEj8Rn25AnGoBi5H6uer 18861up3G88k6SdZa3mfhNy9ktKHxF8vQ4 14cZMQk89mRYQkDEj8Rn25AnGoBi5H6uer 14cZMQk89mRYQkDEj8Rn25AnGoBi5H6uer,Alydian: 18aQubkBvMV9GqBCy7nPjfpdN8uCZiFQrC,5.00000000
09/24/2013 02:14:00 AM,13AJ1nioyvUcHcZhsjBhqM5sW7NdGnCF3a 1KKY55DGUpRyjAVDCoK3vmiB46yE5CEYTQ 1Mi2xda6zzjiGrZm2XDTyYTpHSddedyZnf 1KqB4V6dbYiHj7ovQcBHMA5vvcf1B8fAgj 14cZMQk89mRYQkDEj8Rn25AnGoBi5H6uer 14cZMQk89mRYQkDEj8Rn25AnGoBi5H6uer,Alydian: 18aQubkBvMV9GqBCy7nPjfpdN8uCZiFQrC,5.00000000
09/24/2013 04:15:00 AM,1CL5zNuYpnWt6dCA1wrGxGqUDP94UHjips 14cZMQk89mRYQkDEj8Rn25AnGoBi5H6uer 14cZMQk89mRYQkDEj8Rn25AnGoBi5H6uer 14cZMQk89mRYQkDEj8Rn25AnGoBi5H6uer,Alydian: 18aQubkBvMV9GqBCy7nPjfpdN8uCZiFQrC,5.00000000
09/24/2013 06:08:00 AM,14cZMQk89mRYQkDEj8Rn25AnGoBi5H6uer 1CzQJLaKYVA4gpFbqX8cH5yXXZ4rWYjjAc 14cZMQk89mRYQkDEj8Rn25AnGoBi5H6uer 14cZMQk89mRYQkDEj8Rn25AnGoBi5H6uer,Alydian: 18aQubkBvMV9GqBCy7nPjfpdN8uCZiFQrC,5.00000000
09/24/2013 07:10:00 AM,14cZMQk89mRYQkDEj8Rn25AnGoBi5H6uer 14cZMQk89mRYQkDEj8Rn25AnGoBi5H6uer 14cZMQk89mRYQkDEj8Rn25AnGoBi5H6uer,Alydian: 18aQubkBvMV9GqBCy7nPjfpdN8uCZiFQrC,5.00000000
09/24/2013 10:13:00 AM,1DD7KxEwiGGXukTcT4uRr6afpqfBAjhZdT 14cZMQk89mRYQkDEj8Rn25AnGoBi5H6uer,Alydian: 18aQubkBvMV9GqBCy7nPjfpdN8uCZiFQrC,5.00000000
09/24/2013 12:18:00 PM,14cZMQk89mRYQkDEj8Rn25AnGoBi5H6uer 14cZMQk89mRYQkDEj8Rn25AnGoBi5H6uer 14cZMQk89mRYQkDEj8Rn25AnGoBi5H6uer,Alydian: 18aQubkBvMV9GqBCy7nPjfpdN8uCZiFQrC,5.00000000
09/24/2013 02:09:00 PM,14cZMQk89mRYQkDEj8Rn25AnGoBi5H6uer 14cZMQk89mRYQkDEj8Rn25AnGoBi5H6uer 14cZMQk89mRYQkDEj8Rn25AnGoBi5H6uer,Alydian: 18aQubkBvMV9GqBCy7nPjfpdN8uCZiFQrC,5.00000000
09/24/2013 04:12:00 PM,14cZMQk89mRYQkDEj8Rn25AnGoBi5H6uer 14cZMQk89mRYQkDEj8Rn25AnGoBi5H6uer 14cZMQk89mRYQkDEj8Rn25AnGoBi5H6uer 14cZMQk89mRYQkDEj8Rn25AnGoBi5H6uer,Alydian: 18aQubkBvMV9GqBCy7nPjfpdN8uCZiFQrC,5.00000000
09/24/2013 06:16:00 PM,14cZMQk89mRYQkDEj8Rn25AnGoBi5H6uer 14cZMQk89mRYQkDEj8Rn25AnGoBi5H6uer 15CNAnbzSbNuuRdYjmmrWPXLqS7dpTGL4a 14cZMQk89mRYQkDEj8Rn25AnGoBi5H6uer 14cZMQk89mRYQkDEj8Rn25AnGoBi5H6uer,Alydian: 18aQubkBvMV9GqBCy7nPjfpdN8uCZiFQrC,5.00000000
09/24/2013 07:11:00 PM,1A2vCCTjECBAx79aQV8F4Yezp274yWhorR 14cZMQk89mRYQkDEj8Rn25AnGoBi5H6uer 14cZMQk89mRYQkDEj8Rn25AnGoBi5H6uer,Alydian: 18aQubkBvMV9GqBCy7nPjfpdN8uCZiFQrC,5.00000000
09/24/2013 09:08:00 PM,14cZMQk89mRYQkDEj8Rn25AnGoBi5H6uer 19rDWoWXBkLdroqRqjurgoNMpeEEyCgPJo 14cZMQk89mRYQkDEj8Rn25AnGoBi5H6uer 1Gk4K54KocwRVCMCV1SW7ppbeFNR6xUZjp 14cZMQk89mRYQkDEj8Rn25AnGoBi5H6uer 1GdBbx8gxBcFPGbWRDrVELDAXjDaBQqZ9h,Alydian: 18aQubkBvMV9GqBCy7nPjfpdN8uCZiFQrC,5.00000000
09/24/2013 10:21:00 PM,14cZMQk89mRYQkDEj8Rn25AnGoBi5H6uer 14cZMQk89mRYQkDEj8Rn25AnGoBi5H6uer 14cZMQk89mRYQkDEj8Rn25AnGoBi5H6uer,Alydian: 18aQubkBvMV9GqBCy7nPjfpdN8uCZiFQrC,5.00000000
09/25/2013 01:11:00 AM,14cZMQk89mRYQkDEj8Rn25AnGoBi5H6uer 14cZMQk89mRYQkDEj8Rn25AnGoBi5H6uer 14cZMQk89mRYQkDEj8Rn25AnGoBi5H6uer,Alydian: 18aQubkBvMV9GqBCy7nPjfpdN8uCZiFQrC,5.00000000
09/25/2013 03:18:00 AM,14cZMQk89mRYQkDEj8Rn25AnGoBi5H6uer 14cZMQk89mRYQkDEj8Rn25AnGoBi5H6uer 14cZMQk89mRYQkDEj8Rn25AnGoBi5H6uer 1DzVBvt8yfZ9BgFxrt8Nd5T3QLKrfvFq7m 1MMXQ7pMG6Y6y1YzabFvvxp9dJvphAAAtv,Alydian: 18aQubkBvMV9GqBCy7nPjfpdN8uCZiFQrC,5.00000000
09/25/2013 07:09:00 AM,14cZMQk89mRYQkDEj8Rn25AnGoBi5H6uer 14cZMQk89mRYQkDEj8Rn25AnGoBi5H6uer 14cZMQk89mRYQkDEj8Rn25AnGoBi5H6uer 14cZMQk89mRYQkDEj8Rn25AnGoBi5H6uer 1DfjTZM9ef8zWyMnGrpNmRJ2oMZN7UsveL,Alydian: 18aQubkBvMV9GqBCy7nPjfpdN8uCZiFQrC,5.00000000
09/25/2013 09:07:00 AM,14cZMQk89mRYQkDEj8Rn25AnGoBi5H6uer 14cZMQk89mRYQkDEj8Rn25AnGoBi5H6uer 14cZMQk89mRYQkDEj8Rn25AnGoBi5H6uer 14cZMQk89mRYQkDEj8Rn25AnGoBi5H6uer 14cZMQk89mRYQkDEj8Rn25AnGoBi5H6uer,Alydian: 18aQubkBvMV9GqBCy7nPjfpdN8uCZiFQrC,5.00000000
09/25/2013 10:14:00 AM,14cZMQk89mRYQkDEj8Rn25AnGoBi5H6uer 14cZMQk89mRYQkDEj8Rn25AnGoBi5H6uer,Alydian: 18aQubkBvMV9GqBCy7nPjfpdN8uCZiFQrC,5.00000000
09/25/2013 02:33:00 PM,14cZMQk89mRYQkDEj8Rn25AnGoBi5H6uer 14cZMQk89mRYQkDEj8Rn25AnGoBi5H6uer 1JsLx1sFRgwXj8nYhgbQNJ8jWGgXPfdnm7 12DN87xpc7C3ahAHDPLgFej8HY1E5tJUgE,Alydian: 18aQubkBvMV9GqBCy7nPjfpdN8uCZiFQrC,5.00000000
09/25/2013 04:09:00 PM,1J2JpZ3sHWV7Dygq3HcucTjXctifu8Ens7 14cZMQk89mRYQkDEj8Rn25AnGoBi5H6uer,Alydian: 18aQubkBvMV9GqBCy7nPjfpdN8uCZiFQrC,5.00000000
09/25/2013 07:08:00 PM,14cZMQk89mRYQkDEj8Rn25AnGoBi5H6uer 14cZMQk89mRYQkDEj8Rn25AnGoBi5H6uer 14cZMQk89mRYQkDEj8Rn25AnGoBi5H6uer 14cZMQk89mRYQkDEj8Rn25AnGoBi5H6uer,Alydian: 18aQubkBvMV9GqBCy7nPjfpdN8uCZiFQrC,5.00000000
09/25/2013 09:13:00 PM,14cZMQk89mRYQkDEj8Rn25AnGoBi5H6uer 1EmwsEuQiaFP3PdGa859A1GrAGSLqvkX8b 1MEnqA9jkzEncHsrgeB9NhoVTsceeRk6nh 14cZMQk89mRYQkDEj8Rn25AnGoBi5H6uer,Alydian: 18aQubkBvMV9GqBCy7nPjfpdN8uCZiFQrC,5.00000000
09/26/2013 12:09:00 AM,14cZMQk89mRYQkDEj8Rn25AnGoBi5H6uer 14cZMQk89mRYQkDEj8Rn25AnGoBi5H6uer 14cZMQk89mRYQkDEj8Rn25AnGoBi5H6uer,Alydian: 18aQubkBvMV9GqBCy7nPjfpdN8uCZiFQrC,5.00000000
09/26/2013 02:27:00 AM,14cZMQk89mRYQkDEj8Rn25AnGoBi5H6uer 14cZMQk89mRYQkDEj8Rn25AnGoBi5H6uer 1364YcRWNuzQAv7xHtCGe4GSkdmcHNWrNF 14cZMQk89mRYQkDEj8Rn25AnGoBi5H6uer 1KfuAC39W7qAF71mma2d1JJFEH7rEmctkq,Alydian: 18aQubkBvMV9GqBCy7nPjfpdN8uCZiFQrC,5.00000000
09/26/2013 04:10:00 AM,14cZMQk89mRYQkDEj8Rn25AnGoBi5H6uer 13qHoVQTrZCwj6iDhjr9q7CGgNjpKf4TXX 14cZMQk89mRYQkDEj8Rn25AnGoBi5H6uer,Alydian: 18aQubkBvMV9GqBCy7nPjfpdN8uCZiFQrC,5.00000000
09/26/2013 10:25:00 AM,14cZMQk89mRYQkDEj8Rn25AnGoBi5H6uer 14cZMQk89mRYQkDEj8Rn25AnGoBi5H6uer 14cZMQk89mRYQkDEj8Rn25AnGoBi5H6uer,Alydian: 18aQubkBvMV9GqBCy7nPjfpdN8uCZiFQrC,5.00000000
09/26/2013 01:25:00 PM,14cZMQk89mRYQkDEj8Rn25AnGoBi5H6uer 1CBrLV3tdq5Z9vEuxoiwCTZew3vYwTbmjb 1BH5C2VBF5bMtotSopfvEb3HkDnSEoQcag 14cZMQk89mRYQkDEj8Rn25AnGoBi5H6uer 14cZMQk89mRYQkDEj8Rn25AnGoBi5H6uer,Alydian: 18aQubkBvMV9GqBCy7nPjfpdN8uCZiFQrC,5.00000000
09/26/2013 05:13:00 PM,14cZMQk89mRYQkDEj8Rn25AnGoBi5H6uer 1ohgmrvfF47aqm3wEmhbRhoppXKshMbYM 14cZMQk89mRYQkDEj8Rn25AnGoBi5H6uer,Alydian: 18aQubkBvMV9GqBCy7nPjfpdN8uCZiFQrC,5.00000000
09/26/2013 07:09:00 PM,14cZMQk89mRYQkDEj8Rn25AnGoBi5H6uer 1Avb8QbCjhSQZjBeH5ZiLdQpxjDokwTKut 1GGAf1HfBQb6pprEtPtGx6Nzu1q7ynL3Qv 14cZMQk89mRYQkDEj8Rn25AnGoBi5H6uer,Alydian: 18aQubkBvMV9GqBCy7nPjfpdN8uCZiFQrC,5.00000000
09/26/2013 08:09:00 PM,14cZMQk89mRYQkDEj8Rn25AnGoBi5H6uer 14cZMQk89mRYQkDEj8Rn25AnGoBi5H6uer 15tBCV9yzxRQ5abpBut68HKdW57o6BqFQD 14cZMQk89mRYQkDEj8Rn25AnGoBi5H6uer 14cZMQk89mRYQkDEj8Rn25AnGoBi5H6uer 14cZMQk89mRYQkDEj8Rn25AnGoBi5H6uer,Alydian: 18aQubkBvMV9GqBCy7nPjfpdN8uCZiFQrC,5.00000000
09/26/2013 10:23:00 PM,14cZMQk89mRYQkDEj8Rn25AnGoBi5H6uer 1P9VQWQe4waXo7mLj2HyFWrvS7Mf6x19Ep 14cZMQk89mRYQkDEj8Rn25AnGoBi5H6uer 14cZMQk89mRYQkDEj8Rn25AnGoBi5H6uer,Alydian: 18aQubkBvMV9GqBCy7nPjfpdN8uCZiFQrC,5.00000000
09/27/2013 12:12:00 AM,14cZMQk89mRYQkDEj8Rn25AnGoBi5H6uer 14cZMQk89mRYQkDEj8Rn25AnGoBi5H6uer 14cZMQk89mRYQkDEj8Rn25AnGoBi5H6uer 14cZMQk89mRYQkDEj8Rn25AnGoBi5H6uer,Alydian: 18aQubkBvMV9GqBCy7nPjfpdN8uCZiFQrC,5.00000000
09/27/2013 01:11:00 AM,14cZMQk89mRYQkDEj8Rn25AnGoBi5H6uer,Alydian: 18aQubkBvMV9GqBCy7nPjfpdN8uCZiFQrC,5.00000000
09/27/2013 03:11:00 AM,14cZMQk89mRYQkDEj8Rn25AnGoBi5H6uer 14cZMQk89mRYQkDEj8Rn25AnGoBi5H6uer 14cZMQk89mRYQkDEj8Rn25AnGoBi5H6uer,Alydian: 18aQubkBvMV9GqBCy7nPjfpdN8uCZiFQrC,5.00000000
09/27/2013 07:09:00 AM,14cZMQk89mRYQkDEj8Rn25AnGoBi5H6uer 14cZMQk89mRYQkDEj8Rn25AnGoBi5H6uer 14cZMQk89mRYQkDEj8Rn25AnGoBi5H6uer 14cZMQk89mRYQkDEj8Rn25AnGoBi5H6uer,Alydian: 18aQubkBvMV9GqBCy7nPjfpdN8uCZiFQrC,5.00000000
09/27/2013 08:09:00 AM,14cZMQk89mRYQkDEj8Rn25AnGoBi5H6uer 14cZMQk89mRYQkDEj8Rn25AnGoBi5H6uer 14cZMQk89mRYQkDEj8Rn25AnGoBi5H6uer,Alydian: 18aQubkBvMV9GqBCy7nPjfpdN8uCZiFQrC,5.00000000
09/27/2013 11:57:00 AM,14cZMQk89mRYQkDEj8Rn25AnGoBi5H6uer 1KsjB5HCcVLAbmz1p5Ga8B9nPRfcdPScku,Alydian: 18aQubkBvMV9GqBCy7nPjfpdN8uCZiFQrC,5.00000000
09/27/2013 01:34:00 PM,14cZMQk89mRYQkDEj8Rn25AnGoBi5H6uer 13wc1BWpE8n7YiRi1JYwFygZ5feTGjPPJB 14cZMQk89mRYQkDEj8Rn25AnGoBi5H6uer 14cZMQk89mRYQkDEj8Rn25AnGoBi5H6uer,Alydian: 18aQubkBvMV9GqBCy7nPjfpdN8uCZiFQrC,5.00000000
09/27/2013 03:47:00 PM,14cZMQk89mRYQkDEj8Rn25AnGoBi5H6uer 14cZMQk89mRYQkDEj8Rn25AnGoBi5H6uer,Alydian: 18aQubkBvMV9GqBCy7nPjfpdN8uCZiFQrC,5.00000000
09/27/2013 05:22:00 PM,14cZMQk89mRYQkDEj8Rn25AnGoBi5H6uer 16GDEdHTgbXeXaWV8n6zJrLvNz72VHRVCt 1KU5rfzHzYEdPE3cquRdkqcG7Y8qtq7Bfe 14cZMQk89mRYQkDEj8Rn25AnGoBi5H6uer,Alydian: 18aQubkBvMV9GqBCy7nPjfpdN8uCZiFQrC,5.00000000
09/27/2013 09:15:00 PM,14cZMQk89mRYQkDEj8Rn25AnGoBi5H6uer 14cZMQk89mRYQkDEj8Rn25AnGoBi5H6uer 1LYTCpWPpegE6CVwRCi71gwt2U2oWdDNJr,Alydian: 18aQubkBvMV9GqBCy7nPjfpdN8uCZiFQrC,5.00000000
09/27/2013 10:10:00 PM,14cZMQk89mRYQkDEj8Rn25AnGoBi5H6uer 14cZMQk89mRYQkDEj8Rn25AnGoBi5H6uer 14cZMQk89mRYQkDEj8Rn25AnGoBi5H6uer,Alydian: 18aQubkBvMV9GqBCy7nPjfpdN8uCZiFQrC,5.00000000
09/28/2013 12:22:00 AM,14cZMQk89mRYQkDEj8Rn25AnGoBi5H6uer 14cZMQk89mRYQkDEj8Rn25AnGoBi5H6uer,Alydian: 18aQubkBvMV9GqBCy7nPjfpdN8uCZiFQrC,5.00000000
09/28/2013 02:19:00 AM,14cZMQk89mRYQkDEj8Rn25AnGoBi5H6uer 14cZMQk89mRYQkDEj8Rn25AnGoBi5H6uer 14cZMQk89mRYQkDEj8Rn25AnGoBi5H6uer,Alydian: 18aQubkBvMV9GqBCy7nPjfpdN8uCZiFQrC,5.00000000
09/28/2013 05:11:00 AM,14cZMQk89mRYQkDEj8Rn25AnGoBi5H6uer 14cZMQk89mRYQkDEj8Rn25AnGoBi5H6uer 14cZMQk89mRYQkDEj8Rn25AnGoBi5H6uer 1LwHom2JqrZSWbDFabKXi9yGc948ByyszU,Alydian: 18aQubkBvMV9GqBCy7nPjfpdN8uCZiFQrC,5.00000000
09/28/2013 06:23:00 AM,14cZMQk89mRYQkDEj8Rn25AnGoBi5H6uer 158F3vFF37ExpUq2BDGtDbXzLi6UTuBSwk 14cZMQk89mRYQkDEj8Rn25AnGoBi5H6uer 14cZMQk89mRYQkDEj8Rn25AnGoBi5H6uer,Alydian: 18aQubkBvMV9GqBCy7nPjfpdN8uCZiFQrC,5.00000000
09/28/2013 08:13:00 AM,14cZMQk89mRYQkDEj8Rn25AnGoBi5H6uer 14cZMQk89mRYQkDEj8Rn25AnGoBi5H6uer 157bnEZB54iQJ3UxV9gQTuVzB4bjqU2ybR 14cZMQk89mRYQkDEj8Rn25AnGoBi5H6uer,Alydian: 18aQubkBvMV9GqBCy7nPjfpdN8uCZiFQrC,5.00000000
09/28/2013 09:17:00 AM,14cZMQk89mRYQkDEj8Rn25AnGoBi5H6uer 14cZMQk89mRYQkDEj8Rn25AnGoBi5H6uer,Alydian: 18aQubkBvMV9GqBCy7nPjfpdN8uCZiFQrC,5.00000000
09/28/2013 10:08:00 AM,14cZMQk89mRYQkDEj8Rn25AnGoBi5H6uer 14cZMQk89mRYQkDEj8Rn25AnGoBi5H6uer 14cZMQk89mRYQkDEj8Rn25AnGoBi5H6uer 18hQBGv9fM5qJbyvpcU2JRSwKJyGbJyKvF,Alydian: 18aQubkBvMV9GqBCy7nPjfpdN8uCZiFQrC,5.00000000
09/28/2013 12:11:00 PM,14cZMQk89mRYQkDEj8Rn25AnGoBi5H6uer 14cZMQk89mRYQkDEj8Rn25AnGoBi5H6uer 18towvc925RK3EuR6bzFyFJF6FxmRXuLFC,Alydian: 18aQubkBvMV9GqBCy7nPjfpdN8uCZiFQrC,5.00000000
09/28/2013 03:11:00 PM,14cZMQk89mRYQkDEj8Rn25AnGoBi5H6uer,Alydian: 18aQubkBvMV9GqBCy7nPjfpdN8uCZiFQrC,5.00000000
09/28/2013 05:12:00 PM,14cZMQk89mRYQkDEj8Rn25AnGoBi5H6uer 14cZMQk89mRYQkDEj8Rn25AnGoBi5H6uer,Alydian: 18aQubkBvMV9GqBCy7nPjfpdN8uCZiFQrC,5.00000000
09/28/2013 06:09:00 PM,14cZMQk89mRYQkDEj8Rn25AnGoBi5H6uer 14cZMQk89mRYQkDEj8Rn25AnGoBi5H6uer 14cZMQk89mRYQkDEj8Rn25AnGoBi5H6uer 14cZMQk89mRYQkDEj8Rn25AnGoBi5H6uer 1AuBe5AzbVr8vtQeRhZF7ZvJQP7U3UPZhX 14cZMQk89mRYQkDEj8Rn25AnGoBi5H6uer,Alydian: 18aQubkBvMV9GqBCy7nPjfpdN8uCZiFQrC,5.00000000
09/28/2013 08:08:00 PM,14cZMQk89mRYQkDEj8Rn25AnGoBi5H6uer 14cZMQk89mRYQkDEj8Rn25AnGoBi5H6uer,Alydian: 18aQubkBvMV9GqBCy7nPjfpdN8uCZiFQrC,5.00000000
09/28/2013 09:22:00 PM,14cZMQk89mRYQkDEj8Rn25AnGoBi5H6uer 14cZMQk89mRYQkDEj8Rn25AnGoBi5H6uer 14cZMQk89mRYQkDEj8Rn25AnGoBi5H6uer 14cZMQk89mRYQkDEj8Rn25AnGoBi5H6uer 14cZMQk89mRYQkDEj8Rn25AnGoBi5H6uer,Alydian: 18aQubkBvMV9GqBCy7nPjfpdN8uCZiFQrC,5.00000000
09/28/2013 10:09:00 PM,1PdAEGs2QR8MX4tusbRYwnMhPmREPJwm3n 1CN4kGpnHGs8hXp4ZzXDjtKaQTgNCtYBar 14cZMQk89mRYQkDEj8Rn25AnGoBi5H6uer 14cZMQk89mRYQkDEj8Rn25AnGoBi5H6uer 14cZMQk89mRYQkDEj8Rn25AnGoBi5H6uer,Alydian: 18aQubkBvMV9GqBCy7nPjfpdN8uCZiFQrC,5.00000000
09/29/2013 02:08:00 AM,14cZMQk89mRYQkDEj8Rn25AnGoBi5H6uer 14cZMQk89mRYQkDEj8Rn25AnGoBi5H6uer,Alydian: 18aQubkBvMV9GqBCy7nPjfpdN8uCZiFQrC,5.00000000
09/29/2013 03:08:00 AM,1B9Fu2YdyKGCdCPseQwFCwwYKo2EB9NTb2 14cZMQk89mRYQkDEj8Rn25AnGoBi5H6uer 14cZMQk89mRYQkDEj8Rn25AnGoBi5H6uer 14cZMQk89mRYQkDEj8Rn25AnGoBi5H6uer 14cZMQk89mRYQkDEj8Rn25AnGoBi5H6uer,Alydian: 18aQubkBvMV9GqBCy7nPjfpdN8uCZiFQrC,5.00000000
09/29/2013 05:10:00 AM,14cZMQk89mRYQkDEj8Rn25AnGoBi5H6uer,Alydian: 18aQubkBvMV9GqBCy7nPjfpdN8uCZiFQrC,5.00000000
09/29/2013 08:08:00 AM,14cZMQk89mRYQkDEj8Rn25AnGoBi5H6uer 1BcLN1qCtvdDZ1hpJ9jwfZXRKuytisoC2d,Alydian: 18aQubkBvMV9GqBCy7nPjfpdN8uCZiFQrC,5.00000000
09/29/2013 12:10:00 PM,14cZMQk89mRYQkDEj8Rn25AnGoBi5H6uer 19bDnv7Ma1YNkFCEifGDB9WcCTYMseh3v4,Alydian: 18aQubkBvMV9GqBCy7nPjfpdN8uCZiFQrC,5.00000000
09/29/2013 01:30:00 PM,14cZMQk89mRYQkDEj8Rn25AnGoBi5H6uer 1Hh8h63JXHAAycFJy6v5yUrBiikZVsNd1Z 14cZMQk89mRYQkDEj8Rn25AnGoBi5H6uer 14cZMQk89mRYQkDEj8Rn25AnGoBi5H6uer,Alydian: 18aQubkBvMV9GqBCy7nPjfpdN8uCZiFQrC,5.00000000
09/29/2013 03:14:00 PM,14cZMQk89mRYQkDEj8Rn25AnGoBi5H6uer 14cZMQk89mRYQkDEj8Rn25AnGoBi5H6uer 14cZMQk89mRYQkDEj8Rn25AnGoBi5H6uer 14cZMQk89mRYQkDEj8Rn25AnGoBi5H6uer,Alydian: 18aQubkBvMV9GqBCy7nPjfpdN8uCZiFQrC,5.00000000
09/29/2013 05:08:00 PM,1E9mA8Hc3fQfwQEZtdVp87AcNbv3uzXAcQ 1GjXZWiXfeuh9zMrcJ6MPmd5daCjipkSw8 14cZMQk89mRYQkDEj8Rn25AnGoBi5H6uer,Alydian: 18aQubkBvMV9GqBCy7nPjfpdN8uCZiFQrC,5.00000000
09/29/2013 07:27:00 PM,14cZMQk89mRYQkDEj8Rn25AnGoBi5H6uer 14cZMQk89mRYQkDEj8Rn25AnGoBi5H6uer 14cZMQk89mRYQkDEj8Rn25AnGoBi5H6uer 1ByGVzx5ANpYBRcpvt7s1rtcqqr2MrU6i9,Alydian: 18aQubkBvMV9GqBCy7nPjfpdN8uCZiFQrC,5.00000000
09/29/2013 11:11:00 PM,16EfRTizSKQy8ZeZSNJDmAVfE932MHc1Dj 14cZMQk89mRYQkDEj8Rn25AnGoBi5H6uer,Alydian: 18aQubkBvMV9GqBCy7nPjfpdN8uCZiFQrC,5.00000000
09/30/2013 08:12:00 AM,14cZMQk89mRYQkDEj8Rn25AnGoBi5H6uer 1C3q7LuSGSeFRvsH8rTEt3Egf3uaXANAtU,Alydian: 18aQubkBvMV9GqBCy7nPjfpdN8uCZiFQrC,5.00000000
09/30/2013 09:14:00 AM,14cZMQk89mRYQkDEj8Rn25AnGoBi5H6uer 14cZMQk89mRYQkDEj8Rn25AnGoBi5H6uer 14cZMQk89mRYQkDEj8Rn25AnGoBi5H6uer,Alydian: 18aQubkBvMV9GqBCy7nPjfpdN8uCZiFQrC,5.00000000
09/30/2013 12:20:00 PM,14cZMQk89mRYQkDEj8Rn25AnGoBi5H6uer 14cZMQk89mRYQkDEj8Rn25AnGoBi5H6uer 14cZMQk89mRYQkDEj8Rn25AnGoBi5H6uer,Alydian: 18aQubkBvMV9GqBCy7nPjfpdN8uCZiFQrC,5.00000000
09/30/2013 01:21:00 PM,14cZMQk89mRYQkDEj8Rn25AnGoBi5H6uer 14cZMQk89mRYQkDEj8Rn25AnGoBi5H6uer 14cZMQk89mRYQkDEj8Rn25AnGoBi5H6uer,Alydian: 18aQubkBvMV9GqBCy7nPjfpdN8uCZiFQrC,5.00000000
09/30/2013 03:24:00 PM,14cZMQk89mRYQkDEj8Rn25AnGoBi5H6uer,Alydian: 18aQubkBvMV9GqBCy7nPjfpdN8uCZiFQrC,5.00000000
09/30/2013 03:30:00 PM,14cZMQk89mRYQkDEj8Rn25AnGoBi5H6uer 14cZMQk89mRYQkDEj8Rn25AnGoBi5H6uer 14cZMQk89mRYQkDEj8Rn25AnGoBi5H6uer,Alydian: 18aQubkBvMV9GqBCy7nPjfpdN8uCZiFQrC,5.00000000
09/30/2013 04:11:00 PM,14cZMQk89mRYQkDEj8Rn25AnGoBi5H6uer 14cZMQk89mRYQkDEj8Rn25AnGoBi5H6uer 14cZMQk89mRYQkDEj8Rn25AnGoBi5H6uer,Alydian: 18aQubkBvMV9GqBCy7nPjfpdN8uCZiFQrC,5.00000000
09/30/2013 05:07:00 PM,1KgJfgrEpb7gAVVk3XmctddgwrWwWJRrGk 14cZMQk89mRYQkDEj8Rn25AnGoBi5H6uer 14d9W8c9VvNyL8nKDyMCLkqVAegd8zhJNq 13EGSe5325xQYapUaXEaMLTj4mgCWBAm37 14k4XphNSD1NYpE1H64e7EbtbEp87wqJeJ,Alydian: 18aQubkBvMV9GqBCy7nPjfpdN8uCZiFQrC,5.00000000
09/30/2013 06:08:00 PM,1DTW3Hbs6h9owkcP3aXA1wGwTYSdfA5K1Q 14cZMQk89mRYQkDEj8Rn25AnGoBi5H6uer,Alydian: 18aQubkBvMV9GqBCy7nPjfpdN8uCZiFQrC,5.00000000
09/30/2013 08:34:00 PM,14cZMQk89mRYQkDEj8Rn25AnGoBi5H6uer 14cZMQk89mRYQkDEj8Rn25AnGoBi5H6uer 14cZMQk89mRYQkDEj8Rn25AnGoBi5H6uer,Alydian: 18aQubkBvMV9GqBCy7nPjfpdN8uCZiFQrC,5.00000000
09/30/2013 10:24:00 PM,14cZMQk89mRYQkDEj8Rn25AnGoBi5H6uer 14cZMQk89mRYQkDEj8Rn25AnGoBi5H6uer 14cZMQk89mRYQkDEj8Rn25AnGoBi5H6uer 14cZMQk89mRYQkDEj8Rn25AnGoBi5H6uer 14cZMQk89mRYQkDEj8Rn25AnGoBi5H6uer,Alydian: 18aQubkBvMV9GqBCy7nPjfpdN8uCZiFQrC,5.00000000
10/01/2013 12:35:00 AM,Block Reward,Alydian: 1EghvgKWuUCrNUbncMmvdorEhFd1XozXXC,25.08386570
10/02/2013 01:55:00 AM,Block Reward,Alydian: 1EghvgKWuUCrNUbncMmvdorEhFd1XozXXC,25.00226430
10/02/2013 02:32:00 AM,Block Reward,Alydian: 1EghvgKWuUCrNUbncMmvdorEhFd1XozXXC,25.00850920
10/02/2013 10:46:00 AM,Block Reward,Alydian: 1EghvgKWuUCrNUbncMmvdorEhFd1XozXXC,25.02416088
10/02/2013 11:18:00 AM,1LmdSFPysj53SgABrK9xwRN932eJ9T3Jrn,Alydian: 18aQubkBvMV9GqBCy7nPjfpdN8uCZiFQrC,3.26397503
10/02/2013 01:43:00 PM,Block Reward,Alydian: 1EghvgKWuUCrNUbncMmvdorEhFd1XozXXC,25.01080000
10/02/2013 03:32:00 PM,Block Reward,Alydian: 1EghvgKWuUCrNUbncMmvdorEhFd1XozXXC,25.00615460
